twitter,wallet,id
amanda60335556,0xd0Dcd639e135E4C329238Cb7146F82220B5d2343,1
chenlong123458,0x30438C1Abe7426Db6e8B50f5fD83c414B7b1FeFd,1
zhaowei333322,0x00bb372787C0dcdE102d3254fbd69C9B7024df2E,1
huwang280441,0x11A3a6fe01AB6022e7904D336FfE18A4362E004A,1
zhangcheng69158,0x674c36868118b3af2e5DCd3978Ee1a0276501764,0
Jennife88617495,0x180A5b233ce0a9F55f034572f2A74C2A3a37A96F,0
JordanVarg75584,0xF4151ca83fC7eeEf072A3C8386B65D1dc70baE33,0
DonnaJohns97776,0x1B1052d1c9C2DA456652fa056b14bC9f6b3465a1,0
LindaRatan88883,0x6e47F2D9a9F3a3004eAd3bD21Df732C97670BbF4,0
Ch99641Thnthan,0x6Dd48d4B0D4E793e67B5C1edF253C063f23Bc018,0
AngieMarti23535,0x451851c6f662493aa0010aE80B11B312dE895C1F,0
Jennife68389711,0xe3A9DDE402D477eedC84dEbed414D2137698002B,0
DiazSandra86227,0x1Ad9056Df2A8dD32EF82896d8ea1C579E2B5B086,0
kelly_stok95720,0xF9E135E045CE5a8B8cC65Db869805A5a2B34F181,0
ResaGardne9310,0xc7d28B7F45C8C9a20F380798b6Be0C8c9F6B1aA4,0
HollyZambr98816,0x365197d33a0D56Ef625a232d5b41b1c71586045d,0
KelseyS30043780,0x761424dc5c7E5142eF1a33f2FF4526e76972bF6c,0
WiesnerJan51469,0x4c706F77B7a52F0A20b02492b07635e23aF190E9,0
RodriguezS26414,0x2eAF2Ad11710078F791D35404685Fe7B4309F566,0
KellyRusse45911,0xb9677713B6b6d23e76349adA2e9131B12d10437B,0
AmandaW2071741,0x7c0070d26ae60C780Bc7f1BAA5B1cb0F191CA5a0,0
AmandaWebb54541,0xe1D08646a5De3cB585a605409975a3283e568f4b,0
BrittneyJe70649,0x8e2692f7902A5A0448FF0A70be5DD5C5bdfaac5D,0
TaraNixon156187,0x14608b13031D732c9454d7f478F6fB5522A7Fe3A,0
SalinaJone95911,0x72aa1B0FbC2B895A1f418B892C1F21A1F473dcbc,0
CynthiaFlo1500,0x7ad30C98040B5720AB7da5d0f381c8C25443AbFc,0
Amber2498414413,0xeD27d760245B949edc098F4D28AAF9Aaff3BF419,0
AngelaPhil14261,0x5c79372dAB9C37a58E85345065B8636F47b0dEB9,0
TeresaKang19484,0x13EEbeF994795DDa25E7b4B401F187F085FEaebd,0
AshleyRobi62873,0xBC84D8D675DA0F9c30f9f5C79F88a4Cc7aa9Fc8B,0
TiffanyMor20907,0x4777888Ad4b16894992Eb8A506eb32dAD36eC3FD,0
VanessaGri53847,0x4f94aE154fd84B0cEF722F6bFa6Ab26998DbFD63,0
KoromaJenn88138,0x7341a9B0fbd13D5A6dD9db4061622e167CCefeC3,0
AprilB89390,0x2646eA3D334a299D936337a669Ef042E65Cb0104,0
njtgn37412385,0xd7892712Ff7f5249A0e6E8e99A52De311d8648A6,0
MaryPeters53009,0x4d56BCb1d134b3Fff7070443Dd439680A54fa68D,0
AmyWatson156299,0x8aFAE26733A325C0eDD45fD9FdC42c120deF114B,0
lynch_made71263,0xfb2CF64f247B9c820fB802BcF0c90B356E96194C,0
ChristinaV12179,0x7E90a42df6f85E2A109bA7662De44515Dc3eB36C,0
lisa_cente92237,0xf3dB0227fe22cC8caefa36144E567C8D3Db956F7,0
LauraSween41821,0x304e534C45298ecEe08b8e6062a235fFC333029F,0
GloriaGall51046,0xbb33926fAa91B7bfC04894601858f9df98aF292A,0
KatieWrigh15470,0xDa9aD42291dC291B35C64bc01545f2873b472D69,0
HulettLisa90157,0x272cEA250bf2e9D01dFfD7df8A975a027B427BE7,0
CourtneyMo96473,0x9838F5F1231c577e104edcD0c141C186A4BAeC26,0
ScottDana82112,0x8BBAADd6c3D79E5119f6Bf353D99c9FBBA61819F,0
cathy_orte22878,0x11Dd10a295d37Ea916c7870Df2355e3b61bF2Ba3,0
DayJennife88357,0xF9b981389BFe89876E658515Bd4B730688D25103,0
ErikaPerki2259,0x397fC9D2252Cc841e89716c99f517Ed815eE6707,0
TraceyDavi79615,0xb091599EbbD80345f542ab49ACEF582B27a6D496,0
TerraTsche38529,0xe445e70ab72d87EFf562600781Ee89266e6E4229,0
ChrissyOls94100,0x93d4F70AaBd7bBf576A0b27868C12d5287276D30,0
ElizabethV95116,0x423df188f3beA1Bc657FB2886Eef4F7C663DB30E,0
HeatherHug43947,0xBAcDd81C053E6DAdEB0bc0485D04C6159D2690aC,0
ckotr66155183,0x1756818168f740Cc055335ABAA768cA41C6B522D,0
laooy21569927,0xaCc0A48A8A4fb9aCC2b72DB3fF66A2cE30361C15,0
hsdxa91384869,0xa7964d345Ec06F2f46459b5420303eAF4F5ECECD,0
ggyha72658828,0x39Cd55d6D92421f95B5Db497353244E2b3Dd84D9,0
qmfsv22125554,0x12832C3d6398a2dbBb3cE85b5Ea0d56F6A4Fe4A5,0
NoiNoi845065,0xEb029F9eD9C69bD87bc1428607F8A169E5F15d9f,0
bzyrx64723864,0xAe7001A0febaD454402E8C71Fdf44F6989f6e240,0
cidphkmchy13003,0xBE9BC379F5448f33c61fDd244d71fB29D21e3608,0
geturmxne,0xeAbEbae4Aa281c510e3309Ac8088727ab665dbE9,0
m015268575597,0xfD517eCC4E2096f014C3a0D1b49764973f0E51b9,0
YhPJ8p2wqf67676,0x0D95d38047509EEfb315Ce1D3018f61863F1A92D,0
m4835622136456,0x78cf907AFa07fBb6dCB74A9D1707740AbA394aDa,0
Khunasinn,0x0769f56fEAA5Ea2d14A0Bc75541Cf1c4877258bF,0
bongtan367690,0xeB33bB17F21b3d1C9E4DFa2955E887c5BF419E98,0
Piyana979318374,0xdb785c61445ED23a9394559Cc58a8bE4c0D0092A,0
sak56343,0x86F7154Fb9C2457338715Adef1B9b6a90db64ae3,0
nmn051817022740,0x42465E7146522a87D96c5D5F3ED1ab1F0ec52571,0
Ruslan398128,0xa90A0c4567e6919af0a091129AFE47000d273c2e,0
thri_m1294,0xe24Ae5BFEfa46dA99CB0560D233720C58715cA8c,0
Apichet9511,0x6117df336Baf995B8EE70Dd6d787FA89b76eA94D,0
chantoem11636,0x96A50327Ea85cB028CFa52c36525731A0dA5c607,0
SmXac29973,0x00f71b6720c568C5F857Cc53a864758d60F554e8,0
ZawZawA57986775,0x43741751dfA8c5D0b8b77bA432e9D5359E418D2f,0
pongsaykon,0x78Dff5898d717db345C75b71Ea52B05423A4b5b3,0
berm498083,0x89AC277a590c699C6796F3F71f4D94dC3b96B507,0
aria182917,0xd50FDD4894A77ea8375A569498A2Ec8b94792dF5,0
davidyang3344,0x7F64f0b9dd3CD96a1220bb5F05DccDc755C31E03,0
asher199002,0xBaE671B235AD3d6035d7cd0239573a5af0097E78,0
Julian52012,0xc2E0429D3A66aE43d9B9921F433D96683f97Cd86,0
lily5201313,0xB30B1b9719085Be03851BF3173FD6628447A34C4,0
Isaac520521,0x108c3446081ABB29106f5C436d954a8eaA0f7048,0
Joshua168123,0x8049C683aB5bcdB9565E72223fB10b5AB6fE95E5,0
claire847397187,0x38a4Eb3fDCD524b5E628fb20D57B2EC8a7665782,0
Bellababy521,0xe563d99c7d3ac376d0dF46404541FA792004fFA6,0
Waylon1771,0x15786efED1Bac481A024C4f62AaAE30E0685DE09,0
Jukkaput398107,0x8ba262145CC42e651d329867CAe51517eC0cd160,0
cng456535349124,0x7591230De99E9cA2Aa4033276c62F54675878c3a,0
pugusa200554358,0x6465394073A43Dd02e390C2E42923Ac69D10C192,0
se_chay86357,0x4e092bB1207a99c25d0Fa1f8b7b34Eed5698c528,0
prakayrung31366,0x0BB28B8057498ee8ECa9D71A73B86C0ef037480D,0
Ploy88426670118,0x0974Bbcb473d47aB2626B24d1e278AFbD6868f43,0
banana1443960,0xe032000f55e23Cbf283576B100Da94c952604520,0
Nam56614173086,0x7931882B49133Bf9710f1115dDB6cadFF486AcFb,0
Gift1487583,0x0A866cb9C098e3A5E78ffae3127D3D3B33ac9F2d,0
Taonky,0x47Fc564E0e9910A7E42b07BeB7602691b8068447,0
tee1674135,0x6C1554F70D74f27Aae795d5E0ce780C2F77696b5,0
CakSen73165,0x3c994BEB893Ed84ea6E5F1e918cb1466bbc8fa83,0
wrchoti77787736,0xE691Ab763063EE21407e825Ce4c22810A7924F7A,0
CexrRo10657,0x9bd86D74c132ad30174E349136eCb92b659e64f4,0
DechA58268,0x3024591502589fBaeb284c6024Ba6AdfaCfB71e3,0
seenu1283632,0x2a4b64b1Dce41984a748a9704deC7E8672371565,0
mangkhmer24986,0x83F53F0d53e2e2Eed95bd029c77dF7Bd77Fe9F7c,0
WithT27319,0x4d292f783CA2D65d99db4A3b25A46afeF1F29f84,0
KTawan50230,0x12BeD0Dd670A9A055F9Be076c490A1Cb927BD044,0
xvfdaefv,0x5E472044f8C423D1124F949Ec2eD06f1fC9dbb71,0
art1991501721,0xB82bB15f87bf5A65478Dc0f6fa9d00588091de26,0
nit964479181444,0xF482759c8d3F1B42Fff283E61d63A1C52fe1907b,0
Peter3215993435,0xE8201617Bd2503E9cC0e076093063dD09E865Cf2,0
Phuthan39631171,0xEC96D0ef79Bc3c764a7E024D72D2E5970f02CB3E,0
bng943310156129,0xcD39af92a3a98f9295066A001fcDBf93C25cACFc,0
TeerasaTee62021,0x533288F03d183BdcCa4A73Fb1C10b72FAAf23477,0
ThsphlBuyc7199,0xa012EEbC512Fef1adC75468983dB5A68506d5984,0
DineshSamb45011,0x28518228c5023d9aAF16045E9794893718D563D0,0
khrb643986,0x8B0D563e45210Da3c7EA6dbEdAB6Eec133f2746c,0
W6U3k8KvKV42976,0x62D5d39Cc7209c8a66334246Ef3Fa5a0629e9509,0
Thewin_118,0x0CcE0A2F90490447A0a0015f0CA2543674159855,0
khrmm394615,0x52e307c543e1650d67D3AB9A23752becDcD8b51D,0
kittiphphc56051,0x2230eaF7cd3De1faC0Ce67040489396c5754a2D7,0
Thanet539818,0xEd50C28517686af98EB0fB95fD978FAcb937A575,0
ADD843017364619,0xe7D94862d818587279A4661B6d049C845df0f88f,0
SPDN6N,0xbf8BC152029a9825E7355b809c020eD12665D69B,0
alisooon103588,0xDbDB3e4cD55F967f3C029426205C5e425c35894f,0
khnmpng45294743,0x1f974c316cee5B09896b72e76fbd77AaC123AD20,0
Oil296361829667,0x0C2BbDa8725c850BD5E9D11fE5838427588D551B,0
Phongphak761003,0xcc9Fd8A4daFECa375A0Aca2CD62D04cC451414d4,0
Film1444377,0xFa4C872bFeC9f75822851Bb85FA0e797107eDe22,0
Sipho7158930763,0x2933E2F1535DEF6bD1615445Ccbb94035CaB10f1,0
pnrsws51,0xeFb11c10fa7F0eC748FA423574aC5fC4Dc7cB1A0,0
KasidedOpo,0x1A966F18134AB3d3154f9c912c23eF36Eb308A41,0
KantabenNa47413,0xEE3A80EC8d3E0d1dc26d8Dd99c7391669E9C0E4f,0
b4121408110994,0x925449be7c3b2910Ac3dfBf0F32cF363bAF68b3e,0
Northzy150742,0xB62E4c47e33164120ad2BE9631Ca45Ca8283a0D5,0
khanchit526218,0xc74b761be8dCc74B707C37Ca641771bEC20C9440,0
bknxysxytn38360,0xb02F3FF06122A1aBF0a9A2437D94Ce40cf262c30,0
Whitenaka09,0x89f1Fbc2339705ff944037Eae4276ed63acB1c0C,0
MDArbaa82634240,0x13bf138b5C87F5e1F921587D35abE75bB1988Fba,0
weerapong36486,0x0645bE3150321186A1FD2fD9bb9DDB4f3b966d4E,0
Potmol184686,0xFe079948d9E445fe5679A55432f5Cf0024e9A48d,0
Natha_250448,0xDEd9a829C42aC2971a0f69C4e7da294CFCf47d66,0
islam_muha49096,0x7df8519b2631f04F3C1aA21539A149213e8E2207,0
HGUY139004,0x4d87634A896F775Cb1c5619b74105E3d6889BB26,0
Cream221057323,0x91dEA6E55c29d941ad768C970197F9f64357874b,0
SaepanThir68564,0x316f82BfA70AA63e3dB7D3bE4d86a88a897D6a4A,0
phimmmm121140,0x144A09Ff39B023C0776eDaD9fAB2895afDF39431,0
bang_da13303,0xA94E60214F611DceA6f529429049Acb23630FBA4,0
yy_xa16244,0x0154D34e47209f1B0941B3181d4712Cff1db4269,0
sm_thiphy63545,0x0339E59483Ea01EdbBffC53Bb4292C8493ac1Ebe,0
CeriyThir85106,0xAB48803aaCD20eD4896F5FA73f753C845F3acC41,0
mintra214350414,0x61C6FFe534f3aeaF7B74D2541d59c4cf42Cde8Af,0
OgreBlunt19861,0x98b2D41fb4566Ddc86592be263205f1248736dc4,0
achi4p,0xA89AE7b2032282a21A4751E0a6C5ad6e9c3dBc22,0
peerapat_2553,0x9045f0651c63EcCe6c4497E9A86102665c86b40D,0
PottarTuls57887,0xFF63ECFc8f5398173a37FB6832f00171796148E9,0
SPhaph86521,0x7C21eaa2a39203A75f9935C910C8Bf7e02D4742e,0
PhngsPhwng81011,0x9826D3D5E56ed87fAb2a34FC7CB06078ca11183c,0
acvddy80313,0x2e222368f121b41284ac5f17146aee091A3B8db0,0
thxnghlx40120,0xC473029fC8a54E56C94b6565588A38A003B66171,0
prng2547,0xa5A11B48dA718c1794e40Aa2e1563e558F2E5DA2,0
aung_min10028,0x42e7BED455cA961502862937d5f710C265A77cbe,0
Yakuza882931,0x5c6cc8d7cF643Ba9a42d3c4ff38099158FfdA9d6,0
Tanapat12365998,0x4aF28D36eC750C32dd3274A1E79d5261465B0900,0
snow6122023,0xe749D6c10E8861e97e73D334E60e906629936Eb2,0
PiyaphongK2410,0xA2b187D800a600BF08CFf0077c52788cD071835F,0
zafarali1034481,0x90153696388ac8a64bA0ABb05FE24BaE27D9379F,0
DinXad39742,0x04EdC1A7BC46027654F581Ae9BD873312AF9e4d5,0
pogy202442896,0x3E34bC64e355BF9eC6594Ad169FF58a424ac619B,0
billy1304930810,0xf56fc0c66DB97b62FEc6DdE290828557A10B0DC7,0
fen178188899891,0x662D9983823563472375C06361F90aF7B631404C,0
haoying358242,0x9dBE03E2d98adE64D6BCD7BB33467460386C4529,0
Tommy888885,0x8A032c847C3b93D19dE12eF80E474B04b506BCb8,0
chenlong123458,0xc209163bbEcA0fBf539D234CEC56fEc954031FB3,0
zhaowei333322,0x84013bfCE81D644b7dF3293A2aEAE857f2120918,0
liu773006335721,0x8C091A48ed82F24698bee5C39dd0053Fba5A33B2,0
nanxin591509,0x24F9095b89384E2f38b36455393FfFf9798a5dbf,0
@shuling47119016,0x4d326BCd3F030AD2596E28331fDb6D1a9f84e506,0
Haoranyao66,0xd759Df704cd7fd2EcA8a7c9f8595CA67Cc9c4242,0
,,0
,,0
,,0
,,0
